ID,Pred
1,0.866788
2,0.683670
3,0.345566
4,0.890657
5,0.372169
6,0.685996
7,0.784752
8,0.547695
9,0.661810
10,0.475346
11,0.672378
12,0.560704
13,0.484227
14,0.559767
15,0.639262
16,0.197319
17,0.336015
18,0.641388
19,0.875878
20,0.705082
21,0.562402
22,0.061374
23,0.614064
24,0.703204
25,0.459883
26,0.160575
27,0.470651
28,0.710549
29,0.395936
30,0.900477
31,0.330221
32,0.540789
33,0.399692
34,0.173099
35,0.706707
36,0.458440
37,0.732199
38,0.653250
39,0.305821
40,0.688467
41,0.179870
42,0.683616
43,0.396268
44,0.674790
45,0.318123
46,0.717950
47,0.863823
48,0.791708
49,0.485551
50,0.874633
51,0.621326
52,0.258161
53,0.275717
54,0.789996
55,0.077307
56,0.814495
57,0.274424
58,0.396269
59,0.048833
60,0.650078
61,0.828661
62,0.672082
63,0.861536
64,0.649763
65,0.604338
66,0.477664
67,0.048833
68,0.255197
69,0.774880
70,0.188386
71,0.249323
72,0.395933
73,0.446838
74,0.539170
75,0.775919
76,0.304063
77,0.614086
78,0.746718
79,0.409669
80,0.464732
81,0.564497
82,0.878867
83,0.700572
84,0.746783
85,0.626225
86,0.676366
87,0.650338
88,0.384544
89,0.430220
90,0.757136
91,0.921725
92,0.147209
93,0.451281
94,0.854872
95,0.501907
96,0.322272
97,0.538296
98,0.652046
99,0.763858
100,0.297801
101,0.372796
102,0.831453
103,0.554528
104,0.527279
105,0.327583
106,0.740997
107,0.350847
108,0.237938
109,0.866304
110,0.245867
111,0.463720
112,0.830901
113,0.430504
114,0.411212
115,0.689694
116,0.172202
117,0.192537
118,0.784732
119,0.808315
120,0.709775
121,0.684542
122,0.694740
123,0.640879
124,0.841558
125,0.074903
126,0.257690
127,0.691886
128,0.291521
129,0.246390
130,0.823447
131,0.321956
132,0.209426
133,0.220391
134,0.423674
135,0.731946
136,0.777447
137,0.472787
138,0.223292
139,0.284768
140,0.412642
141,0.238176
142,0.415772
143,0.463607
144,0.540035
145,0.396761
146,0.367112
147,0.300064
148,0.417484
149,0.397427
150,0.252895
151,0.323717
152,0.646684
153,0.396269
154,0.429718
155,0.633958
156,0.372807
157,0.454456
158,0.584840
159,0.722947
160,0.645546
161,0.225080
162,0.180974
163,0.852390
164,0.596632
165,0.677813
166,0.257431
167,0.747167
168,0.234673
169,0.929268
170,0.819292
171,0.389409
172,0.393239
173,0.809305
174,0.534791
175,0.646104
176,0.298922
177,0.666887
178,0.325712
179,0.788483
180,0.873058
181,0.529363
182,0.632869
183,0.899477
184,0.446266
185,0.404064
186,0.759046
187,0.317241
188,0.560230
189,0.636443
190,0.559756
191,0.446093
192,0.550342
193,0.574691
194,0.488408
195,0.529330
196,0.652263
197,0.481860
198,0.463168
199,0.200744
200,0.336944
201,0.190207
202,0.338248
203,0.919053
204,0.567102
205,0.351690
206,0.483823
207,0.815022
208,0.409923
209,0.391184
210,0.677165
211,0.692117
212,0.466592
213,0.766216
214,0.868644
215,0.380408
216,0.207792
217,0.731049
218,0.393668
219,0.823729
220,0.656389
221,0.773081
222,0.591491
223,0.911722
224,0.423611
225,0.818889
226,0.385200
227,0.630813
228,0.023264
229,0.769939
230,0.118983
231,0.582082
232,0.371384
233,0.540011
234,0.827153
235,0.759651
236,0.445240
237,0.203051
238,0.483719
239,0.682389
240,0.622672
241,0.278307
242,0.523718
243,0.722949
244,0.605128
245,0.569463
246,0.774268
247,0.340758
248,0.497023
249,0.466996
250,0.598828
251,0.932789
252,0.622118
253,0.676196
254,0.637072
255,0.651839
256,0.535368
257,0.421137
258,0.418156
259,0.278444
260,0.360165
261,0.655109
262,0.495051
263,0.870317
264,0.415605
265,0.386904
266,0.630057
267,0.893607
268,0.707651
269,0.838971
270,0.433890
271,0.820260
272,0.667859
273,0.656821
274,0.854563
275,0.855124
276,0.899071
277,0.842825
278,0.672732
279,0.147806
280,0.392691
281,0.576051
282,0.575220
283,0.590717
284,0.376879
285,0.374393
286,0.852201
287,0.394484
288,0.835104
289,0.394687
290,0.249693
291,0.220193
292,0.341926
293,0.481789
294,0.317248
295,0.445346
296,0.893619
297,0.170910
298,0.870326
299,0.927040
300,0.656404
301,0.515921
302,0.355112
303,0.474964
304,0.265159
305,0.531131
306,0.466666
307,0.295363
308,0.642085
309,0.616994
310,0.780589
311,0.505205
312,0.878402
313,0.389991
314,0.428698
315,0.800111
316,0.418454
317,0.380762
318,0.189840
319,0.826267
320,0.486796
321,0.383259
322,0.285025
323,0.231033
324,0.645513
325,0.936126
326,0.599841
327,0.587194
328,0.235361
329,0.446669
330,0.231382
331,0.740469
332,0.521744
333,0.262208
334,0.698752
335,0.691327
336,0.357362
337,0.890617
338,0.845879
339,0.610225
340,0.480582
341,0.558389
342,0.233036
343,0.731092
344,0.508330
345,0.258736
346,0.812335
347,0.543842
348,0.213215
349,0.509836
350,0.767681
351,0.153553
352,0.554789
353,0.355323
354,0.815554
355,0.464109
356,0.381468
357,0.757566
358,0.284705
359,0.291600
360,0.861026
361,0.680907
362,0.237455
363,0.855711
364,0.695389
365,0.497913
366,0.303548
367,0.896245
368,0.145977
369,0.872226
370,0.278415
371,0.472782
372,0.809364
373,0.644388
374,0.877031
375,0.198995
376,0.347891
377,0.466096
378,0.483723
379,0.753151
380,0.401568
381,0.101442
382,0.770328
383,0.511349
384,0.480627
385,0.405109
386,0.694378
387,0.355174
388,0.601141
389,0.726268
390,0.562585
391,0.806468
392,0.338922
393,0.471837
394,0.495490
395,0.356128
396,0.124858
397,0.166944
398,0.176743
399,0.524444
400,0.932844
401,0.423450
402,0.724050
403,0.264812
404,0.534575
405,0.380614
406,0.760538
407,0.492461
408,0.516731
409,0.815505
410,0.411276
411,0.393569
412,0.408326
413,0.292995
414,0.225260
415,0.794402
416,0.397898
417,0.096689
418,0.853490
419,0.668286
420,0.565397
421,0.627792
422,0.279105
423,0.727948
424,0.593714
425,0.183124
426,0.709530
427,0.301281
428,0.842822
429,0.622996
430,0.762047
431,0.596678
432,0.558326
433,0.881372
434,0.510493
435,0.273534
436,0.361733
437,0.425285
438,0.683659
439,0.526904
440,0.333229
441,0.638055
442,0.168661
443,0.511774
444,0.321386
445,0.650359
446,0.407015
447,0.823208
448,0.914253
449,0.379808
450,0.683794
451,0.828151
452,0.435571
453,0.485755
454,0.674353
455,0.463219
456,0.357700
457,0.635721
458,0.565137
459,0.493947
460,0.500738
461,0.283576
462,0.268186
463,0.428789
464,0.382854
465,0.368055
466,0.550748
467,0.564923
468,0.377807
469,0.834674
470,0.879330
471,0.243209
472,0.860666
473,0.433331
474,0.309314
475,0.363758
476,0.438323
477,0.458697
478,0.925505
479,0.880116
480,0.765373
481,0.317517
482,0.250730
483,0.840143
484,0.608881
485,0.344841
486,0.433550
487,0.240969
488,0.395293
489,0.786583
490,0.496545
491,0.579194
492,0.885158
493,0.303185
494,0.227781
495,0.764655
496,0.570183
497,0.302625
498,0.925208
499,0.741084
500,0.746862
501,0.834273
502,0.211370
503,0.357809
504,0.580166
505,0.355703
506,0.305229
507,0.435455
508,0.712420
509,0.427235
510,0.384075
511,0.387711
512,0.345823
513,0.625998
514,0.340127
515,0.189120
516,0.596242
517,0.877032
518,0.884272
519,0.533891
520,0.251553
521,0.771723
522,0.598626
523,0.510815
524,0.035443
525,0.738732
526,0.535447
527,0.608377
528,0.548467
529,0.177208
530,0.657883
531,0.640461
532,0.436487
533,0.605832
534,0.766378
535,0.931099
536,0.277289
537,0.808848
538,0.845270
539,0.509250
540,0.444549
541,0.180407
542,0.691435
543,0.739170
544,0.529136
545,0.550294
546,0.378207
547,0.684404
548,0.328324
549,0.574807
550,0.614218
551,0.837719
552,0.837467
553,0.653692
554,0.739040
555,0.703062
556,0.714917
557,0.299537
558,0.721584
559,0.279389
560,0.659455
561,0.477001
562,0.844648
563,0.476970
564,0.801205
565,0.780174
566,0.309001
567,0.670957
568,0.857184
569,0.481820
570,0.516125
571,0.680525
572,0.365314
573,0.900109
574,0.212216
575,0.592951
576,0.918909
577,0.636816
578,0.798712
579,0.628935
580,0.335074
581,0.707643
582,0.489593
583,0.741725
584,0.707884
585,0.623810
586,0.208529
587,0.816072
588,0.690926
589,0.826777
590,0.711484
591,0.254100
592,0.870466
593,0.594948
594,0.456785
595,0.159296
596,0.849947
597,0.761592
598,0.913557
599,0.460600
600,0.768666
601,0.565830
602,0.828068
603,0.910486
604,0.555852
605,0.764110
606,0.481282
607,0.648935
608,0.203569
609,0.180908
610,0.519199
611,0.505841
612,0.459312
613,0.791333
614,0.852699
615,0.360650
616,0.517033
617,0.309510
618,0.232404
619,0.279051
620,0.844991
621,0.838707
622,0.390288
623,0.662328
624,0.262700
625,0.732744
626,0.795667
627,0.285860
628,0.785148
629,0.329307
630,0.512353
631,0.902404
632,0.656758
633,0.522928
634,0.717809
635,0.485383
636,0.692166
637,0.384926
638,0.784324
639,0.852276
640,0.789304
641,0.767288
642,0.731667
643,0.367070
644,0.509762
645,0.382763
646,0.378817
647,0.608306
648,0.754319
649,0.557144
650,0.339828
651,0.925184
652,0.184944
653,0.777275
654,0.524719
655,0.172602
656,0.599566
657,0.640426
658,0.600869
659,0.892130
660,0.854627
661,0.790949
662,0.912032
663,0.312921
664,0.432103
665,0.689237
666,0.331168
667,0.658958
668,0.435622
669,0.539245
670,0.336701
671,0.693174
672,0.118782
673,0.496671
674,0.330473
675,0.439831
676,0.896566
677,0.919036
678,0.557687
679,0.393966
680,0.669413
681,0.763558
682,0.620590
683,0.450979
684,0.759748
685,0.322517
686,0.432169
687,0.582704
688,0.137153
689,0.470271
690,0.726624
691,0.542105
692,0.051211
693,0.167296
694,0.419791
695,0.575237
696,0.940594
697,0.424644
698,0.818381
699,0.647278
700,0.252190
701,0.819242
702,0.281934
703,0.651742
704,0.849152
705,0.254782
706,0.131897
707,0.319155
708,0.796572
709,0.708807
710,0.728625
711,0.473981
712,0.714348
713,0.586024
714,0.151540
715,0.946780
716,0.783541
717,0.194727
718,0.490032
719,0.621724
720,0.839769
721,0.088015
722,0.388515
723,0.510163
724,0.221116
725,0.279569
726,0.198931
727,0.851193
728,0.491210
729,0.907465
730,0.522333
731,0.779480
732,0.572476
733,0.182039
734,0.400153
735,0.322004
736,0.686240
737,0.523580
738,0.405141
739,0.678774
740,0.400101
741,0.421095
742,0.716332
743,0.697089
744,0.596112
745,0.565007
746,0.524639
747,0.407277
748,0.574854
749,0.395845
750,0.717585
751,0.441515
752,0.350861
753,0.822152
754,0.682210
755,0.582293
756,0.508890
757,0.795802
758,0.799257
759,0.363726
760,0.496113
761,0.763167
762,0.354189
763,0.610701
764,0.191069
765,0.819581
766,0.716893
767,0.354122
768,0.236283
769,0.322767
770,0.267269
771,0.830493
772,0.871849
773,0.396991
774,0.505334
775,0.441748
776,0.273041
777,0.390940
778,0.855498
779,0.718092
780,0.699115
781,0.512748
782,0.465377
783,0.466243
784,0.831068
785,0.381047
786,0.915768
787,0.349599
788,0.861620
789,0.328081
790,0.801035
791,0.823988
792,0.492126
793,0.420916
794,0.716332
795,0.313615
796,0.578865
797,0.908867
798,0.665371
799,0.926789
800,0.555027
801,0.509454
802,0.682566
803,0.653766
804,0.467559
805,0.244312
806,0.548663
807,0.329891
808,0.541987
809,0.390040
810,0.852825
811,0.539469
812,0.587451
813,0.448429
814,0.884851
815,0.799528
816,0.257453
817,0.332626
818,0.739460
819,0.573318
820,0.320310
821,0.259276
822,0.548122
823,0.306721
824,0.540114
825,0.376784
826,0.907119
827,0.328983
828,0.665784
829,0.566849
830,0.722729
831,0.463769
832,0.763402
833,0.588020
834,0.470065
835,0.331835
836,0.865316
837,0.866555
838,0.297256
839,0.434727
840,0.838731
841,0.791184
842,0.733507
843,0.474980
844,0.538994
845,0.512778
846,0.693266
847,0.657791
848,0.145555
849,0.767500
850,0.508330
851,0.343305
852,0.730097
853,0.241753
854,0.140618
855,0.718266
856,0.759923
857,0.576181
858,0.880622
859,0.609238
860,0.531097
861,0.411791
862,0.785324
863,0.577054
864,0.563505
865,0.424416
866,0.893451
867,0.680114
868,0.695145
869,0.960897
870,0.680837
871,0.633433
872,0.484983
873,0.693572
874,0.409058
875,0.677327
876,0.453241
877,0.093652
878,0.491266
879,0.646189
880,0.750229
881,0.702566
882,0.444139
883,0.669150
884,0.875409
885,0.736897
886,0.684869
887,0.902831
888,0.132088
889,0.302851
890,0.942569
891,0.138065
892,0.842154
893,0.309220
894,0.189333
895,0.204298
896,0.309678
897,0.633975
898,0.252877
899,0.594860
900,0.887794
901,0.961054
902,0.533245
903,0.303210
904,0.385369
905,0.920706
906,0.828326
907,0.663655
908,0.506098
909,0.217162
910,0.618579
911,0.529119
912,0.036341
913,0.777676
914,0.689736
915,0.857970
916,0.956368
917,0.522343
918,0.719666
919,0.725762
920,0.230581
921,0.330684
922,0.432378
923,0.574924
924,0.662421
925,0.716081
926,0.674658
927,0.426972
928,0.373771
929,0.298404
930,0.168145
931,0.424915
932,0.334250
933,0.579238
934,0.373593
935,0.284207
936,0.668008
937,0.733681
938,0.309553
939,0.198274
940,0.483679
941,0.372897
942,0.303919
943,0.631313
944,0.267227
945,0.548293
946,0.481378
947,0.644082
948,0.912249
949,0.881035
950,0.400282
951,0.786835
952,0.147809
953,0.740031
954,0.589999
955,0.320817
956,0.797053
957,0.437560
958,0.624305
959,0.275530
960,0.881993
961,0.509763
962,0.658173
963,0.454280
964,0.729141
965,0.506829
966,0.319059
967,0.788001
968,0.487434
969,0.690402
970,0.217390
971,0.486545
972,0.255656
973,0.597520
974,0.355808
975,0.794581
976,0.709427
977,0.817241
978,0.348507
979,0.511619
980,0.523874
981,0.867363
982,0.876991
983,0.720983
984,0.361748
985,0.831539
986,0.784682
987,0.640011
988,0.437856
989,0.292858
990,0.424642
991,0.326430
992,0.353117
993,0.474427
994,0.298786
995,0.289898
996,0.307380
997,0.571284
998,0.107110
999,0.438583
1000,0.525592
1001,0.527311
1002,0.329471
1003,0.956918
1004,0.365460
1005,0.703633
1006,0.243648
1007,0.525431
1008,0.908294
1009,0.478756
1010,0.186857
1011,0.792102
1012,0.662168
1013,0.584739
1014,0.153198
1015,0.278471
1016,0.723141
1017,0.048833
1018,0.534759
1019,0.512852
1020,0.775674
1021,0.601288
1022,0.800375
1023,0.745619
1024,0.371356
1025,0.750650
1026,0.342640
1027,0.729376
1028,0.375393
1029,0.176816
1030,0.235154
1031,0.318015
1032,0.883890
1033,0.665082
1034,0.375011
1035,0.739443
1036,0.797561
1037,0.271679
1038,0.587061
1039,0.698996
1040,0.431870
1041,0.903717
1042,0.409014
1043,0.531131
1044,0.172930
1045,0.807399
1046,0.894136
1047,0.259845
1048,0.547415
1049,0.656295
1050,0.733814
1051,0.713870
1052,0.375991
1053,0.810400
1054,0.514102
1055,0.077845
1056,0.595984
1057,0.365839
1058,0.387707
1059,0.342308
1060,0.758268
1061,0.475285
1062,0.290061
1063,0.062895
1064,0.412689
1065,0.502389
1066,0.683965
1067,0.315656
1068,0.257722
1069,0.380383
1070,0.414012
1071,0.613092
1072,0.282469
1073,0.708194
1074,0.362978
1075,0.753911
1076,0.774881
1077,0.288756
1078,0.509167
1079,0.584402
1080,0.308422
1081,0.898590
1082,0.831548
1083,0.433305
1084,0.489012
1085,0.330338
1086,0.891787
1087,0.320792
1088,0.405206
1089,0.834898
1090,0.631969
1091,0.582075
1092,0.806652
1093,0.704828
1094,0.181433
1095,0.614981
1096,0.286487
1097,0.298500
1098,0.399214
1099,0.490688
1100,0.406783
1101,0.935034
1102,0.852802
1103,0.762904
1104,0.866000
1105,0.190727
1106,0.410253
1107,0.821325
1108,0.327489
1109,0.774572
1110,0.649964
1111,0.462010
1112,0.789427
1113,0.404159
1114,0.319986
1115,0.262185
1116,0.498743
1117,0.731657
1118,0.862134
1119,0.761361
1120,0.255899
1121,0.363237
1122,0.459812
1123,0.244935
1124,0.395380
1125,0.419616
1126,0.537217
1127,0.537345
1128,0.446467
1129,0.466622
1130,0.201622
1131,0.507273
1132,0.241338
1133,0.299244
1134,0.317348
1135,0.819242
1136,0.703430
1137,0.602383
1138,0.832756
1139,0.205595
1140,0.494882
1141,0.528142
1142,0.631208
1143,0.247348
1144,0.571388
1145,0.210979
1146,0.216046
1147,0.248329
1148,0.573494
1149,0.855310
1150,0.209626
1151,0.358606
1152,0.411476
1153,0.461155
1154,0.592776
1155,0.691551
1156,0.716436
1157,0.387424
1158,0.223467
1159,0.618682
1160,0.447178
1161,0.747074
1162,0.832926
1163,0.542023
1164,0.210366
1165,0.054355
1166,0.699606
1167,0.744365
1168,0.280340
1169,0.659846
1170,0.337136
1171,0.685522
1172,0.583763
1173,0.729556
1174,0.810800
1175,0.827307
1176,0.327354
1177,0.455029
1178,0.667452
1179,0.329359
1180,0.719370
1181,0.538720
1182,0.665537
1183,0.144433
1184,0.465842
1185,0.152156
1186,0.726658
1187,0.546717
1188,0.468550
1189,0.444255
1190,0.192676
1191,0.609796
1192,0.622101
1193,0.259502
1194,0.719267
1195,0.795343
1196,0.874230
1197,0.571566
1198,0.528479
1199,0.037233
1200,0.502531
1201,0.589999
1202,0.683324
1203,0.781992
1204,0.716263
1205,0.311006
1206,0.565357
1207,0.821510
1208,0.882866
1209,0.434352
1210,0.666260
1211,0.804966
1212,0.262252
1213,0.772710
1214,0.331709
1215,0.429938
1216,0.347765
1217,0.724676
1218,0.404288
1219,0.856251
1220,0.314388
1221,0.266512
1222,0.177974
1223,0.608459
1224,0.908729
1225,0.868517
1226,0.399193
1227,0.327323
1228,0.638144
1229,0.881258
1230,0.652493
1231,0.741716
1232,0.383310
1233,0.416369
1234,0.639019
1235,0.339490
1236,0.762268
1237,0.646356
1238,0.447964
1239,0.394484
1240,0.569977
1241,0.163571
1242,0.480290
1243,0.266916
1244,0.444776
1245,0.404052
1246,0.560199
1247,0.666134
1248,0.570742
1249,0.029707
1250,0.411604
1251,0.710815
1252,0.895439
1253,0.463672
1254,0.120983
1255,0.754361
1256,0.515705
1257,0.444598
1258,0.825894
1259,0.704752
1260,0.952982
1261,0.833698
1262,0.386559
1263,0.954470
1264,0.371185
1265,0.631784
1266,0.511653
1267,0.582994
1268,0.369014
1269,0.688511
1270,0.681878
1271,0.893398
1272,0.855563
1273,0.659943
1274,0.641760
1275,0.421121
1276,0.773852
1277,0.581143
1278,0.613287
1279,0.434693
1280,0.212965
1281,0.495697
1282,0.430382
1283,0.414710
1284,0.894058
1285,0.715242
1286,0.524493
1287,0.569659
1288,0.861929
1289,0.513085
1290,0.261827
1291,0.469557
1292,0.287521
1293,0.772037
1294,0.511878
1295,0.319129
1296,0.882822
1297,0.867933
1298,0.679556
1299,0.483353
1300,0.398472
1301,0.381917
1302,0.396235
1303,0.870316
1304,0.231882
1305,0.430396
1306,0.264831
1307,0.582731
1308,0.949349
1309,0.422013
1310,0.322287
1311,0.715367
1312,0.205867
1313,0.380004
1314,0.312408
1315,0.415053
1316,0.202675
1317,0.275915
1318,0.048833
1319,0.181757
1320,0.293743
1321,0.852466
1322,0.863918
1323,0.875926
1324,0.900631
1325,0.867043
1326,0.560407
1327,0.230131
1328,0.335519
1329,0.563834
1330,0.936126
1331,0.430746
1332,0.976363
1333,0.577486
1334,0.873996
1335,0.782070
1336,0.341921
1337,0.764721
1338,0.502404
1339,0.575419
1340,0.474117
1341,0.578807
1342,0.695565
1343,0.669174
1344,0.550477
1345,0.231880
1346,0.789864
1347,0.834904
1348,0.645635
1349,0.258075
1350,0.475005
1351,0.318550
1352,0.375433
1353,0.558000
1354,0.976363
1355,0.471538
1356,0.453380
1357,0.422265
1358,0.340317
1359,0.495337
1360,0.595586
1361,0.947996
1362,0.487622
1363,0.235127
1364,0.491689
1365,0.792467
1366,0.368761
1367,0.757346
1368,0.972763
1369,0.454748
1370,0.513508
1371,0.318515
1372,0.637495
1373,0.611415
1374,0.295686
1375,0.854276
1376,0.185494
1377,0.817081
1378,0.965507
1379,0.826182
1380,0.491103
1381,0.629621
1382,0.763144
1383,0.344615
1384,0.310129
1385,0.936381
1386,0.093652
1387,0.402275
1388,0.572017
1389,0.279799
1390,0.849815
1391,0.774252
1392,0.424529
1393,0.514386
1394,0.945860
1395,0.659867
1396,0.531131
1397,0.751635
1398,0.319084
1399,0.526086
1400,0.456374
1401,0.638304
1402,0.854854
1403,0.497694
1404,0.428981
1405,0.753240
1406,0.307102
1407,0.833950
1408,0.587259
1409,0.349818
1410,0.224930
1411,0.507672
1412,0.797520
1413,0.609768
1414,0.310387
1415,0.948139
1416,0.176996
1417,0.926930
1418,0.804242
1419,0.421393
1420,0.741767
1421,0.659577
1422,0.799282
1423,0.868002
1424,0.397583
1425,0.644122
1426,0.559957
1427,0.311564
1428,0.663646
1429,0.391727
1430,0.399698
1431,0.754638
1432,0.386065
1433,0.850483
1434,0.237071
1435,0.288091
1436,0.340134
1437,0.162247
1438,0.353635
1439,0.347701
1440,0.868528
1441,0.660618
1442,0.890119
1443,0.881947
1444,0.355112
1445,0.437976
1446,0.537154
1447,0.412511
1448,0.363540
1449,0.478591
1450,0.221852
1451,0.847545
1452,0.750536
1453,0.721558
1454,0.302190
1455,0.253442
1456,0.585486
1457,0.655962
1458,0.478862
1459,0.343128
1460,0.244309
1461,0.469244
1462,0.319034
1463,0.346117
1464,0.693769
1465,0.702424
1466,0.747325
1467,0.384332
1468,0.373677
1469,0.692321
1470,0.335678
1471,0.440131
1472,0.334340
1473,0.592396
1474,0.608175
1475,0.378552
1476,0.415350
1477,0.294278
1478,0.225329
1479,0.662177
1480,0.843195
1481,0.856924
1482,0.935262
1483,0.471646
1484,0.842755
1485,0.667566
1486,0.281626
1487,0.213694
1488,0.580895
1489,0.437193
1490,0.404512
1491,0.980116
1492,0.278301
1493,0.405703
1494,0.482436
1495,0.974529
1496,0.386156
1497,0.976363
1498,0.564033
1499,0.451159
1500,0.246289
1501,0.221252
1502,0.234488
1503,0.579946
1504,0.583972
1505,0.372085
1506,0.543021
1507,0.850900
1508,0.887473
1509,0.293860
1510,0.578246
1511,0.718507
1512,0.472321
1513,0.359455
1514,0.351237
1515,0.288501
1516,0.511882
1517,0.864129
1518,0.259233
1519,0.982498
1520,0.605010
1521,0.199977
1522,0.731489
1523,0.261219
1524,0.241723
1525,0.744556
1526,0.482156
1527,0.492898
1528,0.527026
1529,0.407049
1530,0.126096
1531,0.299307
1532,0.184706
1533,0.185037
1534,0.768107
1535,0.841783
1536,0.365892
1537,0.756474
1538,0.546922
1539,0.509944
1540,0.318668
1541,0.952085
1542,0.647267
1543,0.492104
1544,0.357910
1545,0.807434
1546,0.478361
1547,0.389127
1548,0.299360
1549,0.501679
1550,0.576111
1551,0.423585
1552,0.545749
1553,0.760578
1554,0.771945
1555,0.519271
1556,0.635535
1557,0.698568
1558,0.282007
1559,0.815402
1560,0.568335
1561,0.805547
1562,0.851969
1563,0.698947
1564,0.846036
1565,0.778293
1566,0.575070
1567,0.656940
1568,0.569205
1569,0.641482
1570,0.712745
1571,0.632441
1572,0.966989
1573,0.626968
1574,0.887582
1575,0.230378
1576,0.546707
1577,0.351977
1578,0.481603
1579,0.813891
1580,0.383728
1581,0.404746
1582,0.646935
1583,0.251917
1584,0.523709
1585,0.419630
1586,0.525066
1587,0.555976
1588,0.173182
1589,0.710625
1590,0.335802
1591,0.265117
1592,0.423676
1593,0.370166
1594,0.601548
1595,0.779617
1596,0.401165
1597,0.545906
1598,0.738108
1599,0.736532
1600,0.617791
1601,0.095622
1602,0.612431
1603,0.784784
1604,0.641361
1605,0.518993
1606,0.183122
1607,0.431354
1608,0.123028
1609,0.691716
1610,0.976490
1611,0.677592
1612,0.294078
1613,0.718784
1614,0.602960
1615,0.502977
1616,0.289936
1617,0.196475
1618,0.791332
1619,0.668073
1620,0.805909
1621,0.099146
1622,0.507202
1623,0.462497
1624,0.372673
1625,0.472268
1626,0.533760
1627,0.628816
1628,0.753195
1629,0.466624
1630,0.928879
1631,0.482624
1632,0.443408
1633,0.491390
1634,0.811592
1635,0.191066
1636,0.498676
1637,0.373559
1638,0.215045
1639,0.976363
1640,0.509263
1641,0.574920
1642,0.331515
1643,0.483307
1644,0.554293
1645,0.437417
1646,0.474092
1647,0.409191
1648,0.439487
1649,0.527094
1650,0.433787
1651,0.536267
1652,0.532152
1653,0.193588
1654,0.449611
1655,0.957794
1656,0.424278
1657,0.640055
1658,0.590300
1659,0.898671
1660,0.211946
1661,0.552156
1662,0.680652
1663,0.629657
1664,0.335305
1665,0.699895
1666,0.344644
1667,0.237889
1668,0.804158
1669,0.779816
1670,0.485479
1671,0.312217
1672,0.128604
1673,0.391937
1674,0.722117
1675,0.521312
1676,0.590437
1677,0.654271
1678,0.381121
1679,0.631745
1680,0.768971
1681,0.317248
1682,0.749787
1683,0.558441
1684,0.399535
1685,0.243388
1686,0.300851
1687,0.571530
1688,0.838785
1689,0.130259
1690,0.238283
1691,0.353997
1692,0.380846
1693,0.717575
1694,0.253641
1695,0.366226
1696,0.195521
1697,0.589337
1698,0.230518
1699,0.827860
1700,0.334688
1701,0.290450
1702,0.271469
1703,0.891844
1704,0.632965
1705,0.696770
1706,0.316380
1707,0.189187
1708,0.325817
1709,0.488349
1710,0.500151
1711,0.797216
1712,0.945102
1713,0.470316
1714,0.736119
1715,0.585584
1716,0.726079
1717,0.896537
1718,0.885675
1719,0.243257
1720,0.447962
1721,0.586908
1722,0.838785
1723,0.575823
1724,0.616493
1725,0.856307
1726,0.704628
1727,0.283138
1728,0.081514
1729,0.616852
1730,0.378828
1731,0.875840
1732,0.791845
1733,0.682566
1734,0.576495
1735,0.722178
1736,0.420855
1737,0.427644
1738,0.747300
1739,0.663586
1740,0.850113
1741,0.367112
1742,0.531131
1743,0.956165
1744,0.866770
1745,0.701987
1746,0.534811
1747,0.553142
1748,0.602295
1749,0.398014
1750,0.478457
1751,0.689975
1752,0.465940
1753,0.682234
1754,0.301562
1755,0.250513
1756,0.417073
1757,0.757570
1758,0.511076
1759,0.982606
1760,0.159019
1761,0.936126
1762,0.745433
1763,0.248602
1764,0.699168
1765,0.496921
1766,0.674013
1767,0.679664
1768,0.520761
1769,0.257672
1770,0.342360
1771,0.626904
1772,0.452240
1773,0.772850
1774,0.433804
1775,0.296561
1776,0.711970
1777,0.694803
1778,0.881580
1779,0.932865
1780,0.325901
1781,0.599345
1782,0.304399
1783,0.224150
1784,0.556636
1785,0.583984
1786,0.442902
1787,0.423501
1788,0.308532
1789,0.329011
1790,0.494532
1791,0.551217
1792,0.626332
1793,0.670837
1794,0.362811
1795,0.711901
1796,0.180113
1797,0.466433
1798,0.654824
1799,0.543537
1800,0.666831
1801,0.373496
1802,0.655705
1803,0.883273
1804,0.363494
1805,0.494866
1806,0.347160
1807,0.962408
1808,0.531131
1809,0.474839
1810,0.521637
1811,0.857395
1812,0.630930
1813,0.834003
1814,0.369165
1815,0.211458
1816,0.400515
1817,0.874331
1818,0.335207
1819,0.349671
1820,0.724940
1821,0.333581
1822,0.444787
1823,0.321599
1824,0.746024
1825,0.362357
1826,0.541896
1827,0.933591
1828,0.380866
1829,0.287112
1830,0.357490
1831,0.204793
1832,0.240615
1833,0.420930
1834,0.327414
1835,0.790950
1836,0.803644
1837,0.466305
1838,0.373797
1839,0.197079
1840,0.882052
1841,0.410144
1842,0.944277
1843,0.331036
1844,0.603181
1845,0.299487
1846,0.257276
1847,0.601209
1848,0.295223
1849,0.261703
1850,0.218591
1851,0.896982
1852,0.761212
1853,0.664482
1854,0.302795
1855,0.833306
1856,0.765793
1857,0.348352
1858,0.588863
1859,0.575086
1860,0.520143
1861,0.210652
1862,0.090895
1863,0.278037
1864,0.419316
1865,0.783472
1866,0.671173
1867,0.232873
1868,0.350393
1869,0.606974
1870,0.313941
1871,0.898830
1872,0.369608
1873,0.793318
1874,0.545410
1875,0.934662
1876,0.471843
1877,0.721538
1878,0.283431
1879,0.423891
1880,0.485540
1881,0.787712
1882,0.048833
1883,0.208448
1884,0.746706
1885,0.540971
1886,0.515875
1887,0.492734
1888,0.431341
1889,0.464482
1890,0.860666
1891,0.446652
1892,0.375347
1893,0.921856
1894,0.377587
1895,0.281295
1896,0.573376
1897,0.275772
1898,0.733052
1899,0.925023
1900,0.330253
1901,0.622451
1902,0.590261
1903,0.571772
1904,0.513830
1905,0.689725
1906,0.343947
1907,0.455083
1908,0.687909
1909,0.234521
1910,0.721023
1911,0.434180
1912,0.196612
1913,0.801626
1914,0.803058
1915,0.437334
1916,0.459375
1917,0.703451
1918,0.857159
1919,0.735248
1920,0.164926
1921,0.393083
1922,0.462826
1923,0.875576
1924,0.884155
1925,0.217093
1926,0.373312
1927,0.777979
1928,0.187770
1929,0.231423
1930,0.346938
1931,0.488532
1932,0.800227
1933,0.670740
1934,0.312264
1935,0.423454
1936,0.534885
1937,0.373410
1938,0.598740
1939,0.393978
1940,0.691994
1941,0.956490
1942,0.620078
1943,0.700253
1944,0.603245
1945,0.152320
1946,0.259214
1947,0.884387
1948,0.367380
1949,0.623393
1950,0.653622
1951,0.640741
1952,0.851129
1953,0.501063
1954,0.482393
1955,0.879209
1956,0.451440
1957,0.656683
1958,0.217613
1959,0.725107
1960,0.329380
1961,0.455294
1962,0.850320
1963,0.883162
1964,0.828057
1965,0.849470
1966,0.164434
1967,0.361862
1968,0.812335
1969,0.744955
1970,0.742819
1971,0.516249
1972,0.286943
1973,0.366121
1974,0.864702
1975,0.147947
1976,0.357353
1977,0.947170
1978,0.478994
1979,0.429446
1980,0.705768
1981,0.652718
1982,0.859450
1983,0.413966
1984,0.293856
1985,0.335737
1986,0.859671
1987,0.561681
1988,0.366282
1989,0.869730
1990,0.400128
1991,0.499674
1992,0.577416
1993,0.248126
1994,0.411144
1995,0.480121
1996,0.914289
1997,0.731926
1998,0.622312
1999,0.919152
2000,0.760148
2001,0.029307
2002,0.421749
2003,0.773852
2004,0.634693
2005,0.230764
2006,0.891461
2007,0.350537
2008,0.502318
2009,0.710592
2010,0.599737
2011,0.928601
2012,0.542542
2013,0.489856
2014,0.328395
2015,0.960259
2016,0.766690
2017,0.817724
2018,0.441068
2019,0.709864
2020,0.362998
2021,0.406222
2022,0.915270
2023,0.709640
2024,0.552833
2025,0.358592
2026,0.384620
2027,0.732995
2028,0.637535
2029,0.449191
2030,0.542622
2031,0.431952
2032,0.383548
2033,0.940113
2034,0.581598
2035,0.436158
2036,0.631605
2037,0.707158
2038,0.220873
2039,0.498373
2040,0.538796
2041,0.268261
2042,0.519010
2043,0.568828
2044,0.318014
2045,0.776226
2046,0.277432
2047,0.458830
2048,0.846591
2049,0.699206
2050,0.260936
2051,0.679020
2052,0.241310
2053,0.125859
2054,0.420735
2055,0.540986
2056,0.805603
2057,0.613644
2058,0.185542
2059,0.647378
2060,0.149417
2061,0.426005
2062,0.853952
2063,0.795851
2064,0.872585
2065,0.839694
2066,0.174955
2067,0.743655
2068,0.886294
2069,0.260443
2070,0.817330
2071,0.353996
2072,0.545553
2073,0.705047
2074,0.378280
2075,0.760861
2076,0.568906
2077,0.614870
2078,0.551941
2079,0.653249
2080,0.045687
2081,0.723585
2082,0.634671
2083,0.300660
2084,0.412524
2085,0.250815
2086,0.452918
2087,0.383100
2088,0.637924
2089,0.825705
2090,0.784345
2091,0.414787
2092,0.664578
2093,0.334625
2094,0.439948
2095,0.692428
2096,0.708050
2097,0.561724
2098,0.699222
2099,0.929314
2100,0.626252
2101,0.399052
2102,0.784428
2103,0.610601
2104,0.460224
2105,0.516221
2106,0.742028
2107,0.821513
2108,0.906130
2109,0.647911
2110,0.804514
2111,0.778799
2112,0.610466
2113,0.887603
2114,0.734912
2115,0.223846
2116,0.517712
2117,0.561255
2118,0.215147
2119,0.401335
2120,0.613285
2121,0.217473
2122,0.756428
2123,0.634620
2124,0.672127
2125,0.316949
2126,0.474251
2127,0.064328
2128,0.629438
2129,0.759972
2130,0.320108
2131,0.275224
2132,0.828679
2133,0.510660
2134,0.823110
2135,0.962363
2136,0.535114
2137,0.751280
2138,0.901708
2139,0.853389
2140,0.293548
2141,0.664644
2142,0.449427
2143,0.700462
2144,0.680391
2145,0.143332
2146,0.419335
2147,0.298457
2148,0.529369
2149,0.531908
2150,0.890411
2151,0.592382
2152,0.593365
2153,0.343776
2154,0.263438
2155,0.245419
2156,0.481244
2157,0.898323
2158,0.350554
2159,0.202248
2160,0.901770
2161,0.519266
2162,0.356650
2163,0.453212
2164,0.495547
2165,0.470613
2166,0.471123
2167,0.706336
2168,0.498221
2169,0.214098
2170,0.601118
2171,0.555672
2172,0.873153
2173,0.842277
2174,0.879732
2175,0.340406
2176,0.757598
2177,0.172031
2178,0.449555
2179,0.767364
2180,0.388157
2181,0.865851
2182,0.680640
2183,0.462045
2184,0.795529
2185,0.688841
2186,0.848875
2187,0.524985
2188,0.860017
2189,0.695749
2190,0.633956
2191,0.800581
2192,0.529107
2193,0.810264
2194,0.557816
2195,0.699175
2196,0.664730
2197,0.532633
2198,0.843847
2199,0.271717
2200,0.343924
2201,0.375457
2202,0.323983
2203,0.445763
2204,0.037591
2205,0.801431
2206,0.446328
2207,0.428930
2208,0.898667
2209,0.606922
2210,0.849761
2211,0.359311
2212,0.948946
2213,0.162697
2214,0.854712
2215,0.553116
2216,0.531131
2217,0.947996
2218,0.779225
2219,0.427184
2220,0.140962
2221,0.787023
2222,0.827681
2223,0.488169
2224,0.721185
2225,0.377820
2226,0.380532
2227,0.281596
2228,0.263367
2229,0.407984
2230,0.481220
2231,0.693548
2232,0.264762
2233,0.434898
2234,0.649187
2235,0.295430
2236,0.395845
2237,0.604022
2238,0.281637
2239,0.908396
2240,0.620106
2241,0.810420
2242,0.548447
2243,0.839068
2244,0.639280
2245,0.179162
2246,0.656273
2247,0.757253
2248,0.347723
2249,0.504734
2250,0.150842
2251,0.373533
2252,0.382546
2253,0.666884
2254,0.434324
2255,0.473107
2256,0.779877
2257,0.387782
2258,0.174728
2259,0.756019
2260,0.404977
2261,0.800196
2262,0.487740
2263,0.628661
2264,0.439425
2265,0.305433
2266,0.494505
2267,0.914224
2268,0.601130
2269,0.849888
2270,0.574102
2271,0.190294
2272,0.876527
2273,0.274096
2274,0.820980
2275,0.338366
2276,0.615705
2277,0.619953
2278,0.819471
2279,0.115227
2280,0.964994
2281,0.496214
2282,0.521375
2283,0.833929
2284,0.577994
2285,0.497308
2286,0.784634
2287,0.431706
2288,0.583201
2289,0.560763
2290,0.953849
2291,0.629598
2292,0.627145
2293,0.455308
2294,0.566849
2295,0.707194
2296,0.587434
2297,0.627958
2298,0.379426
2299,0.449343
2300,0.729980
2301,0.242737
2302,0.335708
2303,0.412696
2304,0.296942
2305,0.458214
2306,0.670182
2307,0.975820
2308,0.478105
2309,0.946856
2310,0.601546
2311,0.529734
2312,0.238181
2313,0.437430
2314,0.597420
2315,0.514312
2316,0.362999
2317,0.392099
2318,0.374175
2319,0.608812
2320,0.432472
2321,0.835962
2322,0.840820
2323,0.391898
2324,0.382152
2325,0.360307
2326,0.777735
2327,0.769461
2328,0.838027
2329,0.714857
2330,0.535512
2331,0.787532
2332,0.694162
2333,0.610599
2334,0.419133
2335,0.291638
2336,0.669130
2337,0.674786
2338,0.729068
2339,0.738779
2340,0.811215
2341,0.439544
2342,0.482585
2343,0.376768
2344,0.276395
2345,0.239442
2346,0.857247
2347,0.370634
2348,0.785384
2349,0.878751
2350,0.701007
2351,0.671576
2352,0.347980
2353,0.229592
2354,0.761991
2355,0.405368
2356,0.422470
2357,0.630115
2358,0.271416
2359,0.218855
2360,0.357176
2361,0.314333
2362,0.887109
2363,0.507016
2364,0.335387
2365,0.868704
2366,0.871771
2367,0.256510
2368,0.368940
2369,0.920098
2370,0.562026
2371,0.318231
2372,0.651276
2373,0.245883
2374,0.146811
2375,0.178758
2376,0.827140
2377,0.280379
2378,0.741522
2379,0.284143
2380,0.293611
2381,0.779680
2382,0.327268
2383,0.457657
2384,0.879048
2385,0.688242
2386,0.578773
2387,0.875571
2388,0.369276
2389,0.561807
2390,0.690692
2391,0.734630
2392,0.554536
2393,0.197483
2394,0.631763
2395,0.824459
2396,0.382771
2397,0.789459
2398,0.598165
2399,0.249050
2400,0.100100
2401,0.862998
2402,0.971455
2403,0.610662
2404,0.607780
2405,0.526526
2406,0.523261
2407,0.145302
2408,0.614476
2409,0.600862
2410,0.686477
2411,0.231434
2412,0.351606
2413,0.279409
2414,0.263686
2415,0.478335
2416,0.737375
2417,0.371288
2418,0.604367
2419,0.778094
2420,0.897924
2421,0.856539
2422,0.677849
2423,0.489643
2424,0.820345
2425,0.472536
2426,0.577730
2427,0.378743
2428,0.411580
2429,0.687242
2430,0.587204
2431,0.730018
2432,0.818519
2433,0.429464
2434,0.553979
2435,0.706450
2436,0.624984
2437,0.924903
2438,0.127971
2439,0.648483
2440,0.195842
2441,0.439084
2442,0.142242
2443,0.976363
2444,0.701819
2445,0.755071
2446,0.502660
2447,0.563584
2448,0.645699
2449,0.517658
2450,0.500575
2451,0.467414
2452,0.746879
2453,0.441733
2454,0.453444
2455,0.906593
2456,0.104271
2457,0.711307
2458,0.415816
2459,0.410732
2460,0.379604
2461,0.318979
2462,0.612823
2463,0.293784
2464,0.504136
2465,0.810945
2466,0.555722
2467,0.426694
2468,0.353301
2469,0.273607
2470,0.437933
2471,0.751302
2472,0.832254
2473,0.367720
2474,0.684400
2475,0.808421
2476,0.510148
2477,0.427820
2478,0.229545
2479,0.364092
2480,0.743720
2481,0.862554
2482,0.366401
2483,0.329049
2484,0.624725
2485,0.791550
2486,0.845396
2487,0.963370
2488,0.671519
2489,0.548782
2490,0.315166
2491,0.407630
2492,0.514187
2493,0.749174
2494,0.316417
2495,0.856139
2496,0.502599
2497,0.808229
2498,0.951397
2499,0.479093
2500,0.819450
2501,0.305720
2502,0.200710
2503,0.684124
2504,0.364077
2505,0.947088
2506,0.513675
2507,0.539768
2508,0.483362
2509,0.537925
2510,0.809450
2511,0.834607
2512,0.352913
2513,0.233775
2514,0.405593
2515,0.890202
2516,0.126779
2517,0.312025
2518,0.551044
2519,0.155118
2520,0.434943
2521,0.635997
2522,0.521721
2523,0.511719
2524,0.599694
2525,0.574911
2526,0.594650
2527,0.515980
2528,0.818038
2529,0.756522
2530,0.667369
2531,0.065125
2532,0.600884
2533,0.844608
2534,0.225753
2535,0.223283
2536,0.951676
2537,0.212479
2538,0.353958
2539,0.386003
2540,0.470174
2541,0.729342
2542,0.449572
2543,0.342989
2544,0.917585
2545,0.438240
2546,0.252001
2547,0.857539
2548,0.562472
2549,0.658064
2550,0.953120
2551,0.738823
2552,0.198462
2553,0.700833
2554,0.264074
2555,0.109617
2556,0.652361
2557,0.429117
2558,0.441979
2559,0.785893
2560,0.716920
2561,0.426755
2562,0.878867
2563,0.313954
2564,0.528647
2565,0.138371
2566,0.338341
2567,0.535471
2568,0.809396
2569,0.759001
2570,0.451698
2571,0.553411
2572,0.763924
2573,0.520045
2574,0.622740
2575,0.745900
2576,0.654959
2577,0.279979
2578,0.538342
2579,0.623857
2580,0.244671
2581,0.424903
2582,0.597931
2583,0.556106
2584,0.888608
2585,0.473666
2586,0.222874
2587,0.464130
2588,0.189169
2589,0.499732
2590,0.330181
2591,0.544925
2592,0.757887
2593,0.375417
2594,0.542374
2595,0.390031
2596,0.771735
2597,0.690037
2598,0.338686
2599,0.238608
2600,0.790822
2601,0.245732
2602,0.256321
2603,0.486613
2604,0.533620
2605,0.804818
2606,0.744360
2607,0.613114
2608,0.636437
2609,0.538858
2610,0.371375
2611,0.394880
2612,0.723163
2613,0.699380
2614,0.681125
2615,0.346073
2616,0.602675
2617,0.736717
2618,0.472306
2619,0.761412
2620,0.528263
2621,0.295717
2622,0.445215
2623,0.230198
2624,0.785982
2625,0.825165
2626,0.472122
2627,0.150988
2628,0.886590
2629,0.337947
2630,0.743435
2631,0.399716
2632,0.236624
2633,0.770228
2634,0.509167
2635,0.381491
2636,0.446854
2637,0.583383
2638,0.225529
2639,0.171918
2640,0.553204
2641,0.370586
2642,0.723211
2643,0.860013
2644,0.251914
2645,0.628146
2646,0.588718
2647,0.329890
2648,0.534103
2649,0.296292
2650,0.129014
2651,0.389854
2652,0.763551
2653,0.528063
2654,0.759152
2655,0.565381
2656,0.221208
2657,0.547101
2658,0.876508
2659,0.641333
2660,0.659314
2661,0.421797
2662,0.369564
2663,0.587994
2664,0.237124
2665,0.717207
2666,0.613017
2667,0.589723
2668,0.307154
2669,0.378704
2670,0.374531
2671,0.629250
2672,0.879732
2673,0.518829
2674,0.533351
2675,0.634046
2676,0.804478
2677,0.384013
2678,0.884912
2679,0.229869
2680,0.597706
2681,0.349763
2682,0.490752
2683,0.358772
2684,0.773411
2685,0.761365
2686,0.344408
2687,0.587055
2688,0.925128
2689,0.811710
2690,0.904752
2691,0.463552
2692,0.516649
2693,0.949349
2694,0.665216
2695,0.548917
2696,0.186795
2697,0.531521
2698,0.957385
2699,0.365900
2700,0.614464
2701,0.470039
2702,0.893589
2703,0.509398
2704,0.679999
2705,0.443524
2706,0.521814
2707,0.355211
2708,0.676970
2709,0.901532
2710,0.531131
2711,0.351415
2712,0.144978
